<?xml version="1.0" encoding="utf-8"?>
<Environment>
	<!-- General Settings -->
	<Variable>
		<Name>ProjectName</Name>
		<Value>MTL Automation</Value>
	</Variable>
	<Variable>
		<Name>DataReferenceIdentifier</Name>
		<Value>#</Value>
	</Variable>
	<Variable>
		<Name>DefaultDataSheet</Name>
		<Value>General_Data</Value>
	</Variable>
	
	<Variable>
		<Name>RelativePath</Name>
		<Value>C:\LowesAutomation</Value>
	</Variable>
	<!-- Execution Settings -->
	<Variable>
		<Name>RunConfiguration</Name>
		<Value>Drop3</Value>
	</Variable>
	<Variable>
		<Name>OnError</Name>
		<Value>Stop</Value>
	</Variable>
	<Variable>
		<Name>DebugMode</Name>
		<Value>False</Value>
	</Variable>
	<!-- Report Settings -->
	<Variable>
		<Name>TakeScreenshotFailedStep</Name>
		<Value>True</Value>
	</Variable>
	<Variable>
		<Name>TakeScreenshotPassedStep</Name>
		<Value>False</Value>
	</Variable>
	<Variable>
		<Name>ReportsTheme</Name>
		<Value>CLASSIC</Value>
	</Variable>
	<Variable>
		<Name>HtmlReport</Name>
		<Value>True</Value>
	</Variable>
	<Variable>
		<Name>ExcelReport</Name>
		<Value>True</Value>
	</Variable>
	<!-- LogLevel ranges between 0 to 5, with 0 being minimal reporting and 5 being highly detailed reporting -->
	<Variable>
		<Name>LogLevel</Name>
		<Value>4</Value>
	</Variable>
</Environment>
