﻿Formatted ID,Name,Work Product,Type,Priority,Owner,Method,Last Verdict,Last Build,Last Run,Display Color,Expedite
TC284,TC015_POI_ENABLE REQUEST BUTTON AFTER 5 BUSINESS DAYS_CUSTOM AVIATION,US1431: As a user the Status Request button on the Certificate Details page will only be enabled after 5 business days have passed since the creation of the request.,Functional,Important,harish.mallikondla,Manual,,,,#848689,FALSE
TC342,TC016_POI_ENABLE REQUEST BUTTON AFTER 5 BUSINESS DAYS_OFFLINE AVIATION,US1431: As a user the Status Request button on the Certificate Details page will only be enabled after 5 business days have passed since the creation of the request.,Functional,Important,harish.mallikondla,Manual,,,,#848689,FALSE
TC343,TC017_POI_ENABLE REQUEST BUTTON AFTER 5 BUSINESS DAYS_CUSTOM CASUALTY,US1431: As a user the Status Request button on the Certificate Details page will only be enabled after 5 business days have passed since the creation of the request.,Functional,Important,harish.mallikondla,Manual,,,,#848689,FALSE
TC344,TC018_POI_ENABLE REQUEST BUTTON AFTER 5 BUSINESS DAYS - CUSTOM EAR,US1431: As a user the Status Request button on the Certificate Details page will only be enabled after 5 business days have passed since the creation of the request.,Functional,Important,harish.mallikondla,Manual,,,,#848689,FALSE
TC345,TC019_POI_ENABLE REQUEST BUTTON AFTER 5 BUSINESS DAYS_CUSTOM PROPERTY,US1431: As a user the Status Request button on the Certificate Details page will only be enabled after 5 business days have passed since the creation of the request.,Functional,Important,harish.mallikondla,Manual,,,,#848689,FALSE
TC346,TC020_POI_ENABLE REQUEST BUTTON AFTER 5 BUSINESS DAYS - OFFLINE PROPERTY,US1431: As a user the Status Request button on the Certificate Details page will only be enabled after 5 business days have passed since the creation of the request.,Functional,Important,harish.mallikondla,Manual,,,,#848689,FALSE
TC347,TC021_POI_ENABLE REQUEST BUTTON AFTER 5 BUSINESS DAYS - CUSTOM SPECIALTY,US1431: As a user the Status Request button on the Certificate Details page will only be enabled after 5 business days have passed since the creation of the request.,Functional,Important,harish.mallikondla,Manual,,,,#848689,FALSE
TC348,TC022_POI_ENABLE REQUEST BUTTON AFTER 5 BUSINESS DAYS - NON NEGOTIABLE TRANSIT(US),US1431: As a user the Status Request button on the Certificate Details page will only be enabled after 5 business days have passed since the creation of the request.,Functional,Important,harish.mallikondla,Manual,,,,#848689,FALSE
TC349,TC023_POI_ENABLE REQUEST BUTTON AFTER 5 BUSINESS DAYS- NON NEGOTIABLE TRANSIT(NON-US),US1431: As a user the Status Request button on the Certificate Details page will only be enabled after 5 business days have passed since the creation of the request.,Functional,Important,harish.mallikondla,Manual,,,,#848689,FALSE
TC351,TC024_POI_REQUEST AMENDMENT_CUSTOM AVIATION,US2749: Add Edit Capability to Approved Cert Requests,Functional,Important,harish.mallikondla,Manual,,,,#848689,FALSE
TC352,TC025_POI_REQUEST AMENDMENT_OFFLINE AVIATION,US2749: Add Edit Capability to Approved Cert Requests,Functional,Important,harish.mallikondla,Manual,,,,#848689,FALSE
TC353,TC026_POI_REQUEST AMENDMENT_CUSTOM CASUALTY,US2749: Add Edit Capability to Approved Cert Requests,Functional,Important,harish.mallikondla,Manual,,,,#848689,FALSE
TC354,TC027_POI_REQUEST AMENDMENT_CUSTOM EAR,US2749: Add Edit Capability to Approved Cert Requests,Functional,Important,harish.mallikondla,Manual,,,,#848689,FALSE
TC355,TC028_POI_REQUEST AMENDMENT_CUSTOM PROPERTY,US2749: Add Edit Capability to Approved Cert Requests,Functional,Important,harish.mallikondla,Manual,,,,#848689,FALSE
TC356,TC029_POI_REQUEST AMENDMENT_OFFLINE PROPERTY,US2749: Add Edit Capability to Approved Cert Requests,Functional,Important,harish.mallikondla,Manual,,,,#848689,FALSE
TC357,TC030_POI_REQUEST AMENDMENT_CUSTOM SPECIALTY,US2749: Add Edit Capability to Approved Cert Requests,Functional,Important,harish.mallikondla,Manual,,,,#848689,FALSE
TC358,TC031_POI_REQUEST AMENDMENT_NON NEGOTIABLE TRANSIT(US),US2749: Add Edit Capability to Approved Cert Requests,Functional,Important,harish.mallikondla,Manual,,,,#848689,FALSE
TC359,TC032_POI_REQUEST AMENDMENT_NON NEGOTIABLE TRANSIT(NON-US),US2749: Add Edit Capability to Approved Cert Requests,Functional,Important,harish.mallikondla,Manual,,,,#848689,FALSE
TC419,TC001_POI_RC_CREATE_CUSTOM AVIATION CERTIFICATE,US2836: End User Certificate Holder Page flow,Regression,Important,harish.mallikondla,Manual,Pass,DRy RUN,12/05/2018 04:46 AM EST,#848689,FALSE
TC437,TC002_POI_RC_CREATE_LIMITED AVIATION CERTIFICATE,US2836: End User Certificate Holder Page flow,Regression,Important,harish.mallikondla,Manual,Pass,DRy RUN,12/05/2018 04:47 AM EST,#848689,FALSE
TC438,TC003_POI_RC_CREATE_OFFLINE AVIATION CERTIFICATE,US2836: End User Certificate Holder Page flow,Regression,Important,harish.mallikondla,Manual,Pass,DRy RUN,12/05/2018 04:55 AM EST,#848689,FALSE
TC439,TC004_POI_RC_CREATE_CUSTOM CASUALTY CERTIFICATE,US2836: End User Certificate Holder Page flow,Regression,Important,harish.mallikondla,Manual,Pass,DRY RUN,12/05/2018 05:07 AM EST,#848689,FALSE
TC440,TC005_POI_RC_CREATE_ERECTION ALL RISK CERTIFICATE,US2836: End User Certificate Holder Page flow,Regression,Important,harish.mallikondla,Manual,,,,#848689,FALSE
TC441,TC006_POI_RC_CREATE_MOTOR TRUCK CARGO LEGAL LIABILITY CERTIFICATE,US2836: End User Certificate Holder Page flow,Regression,Important,harish.mallikondla,Manual,,,,#848689,FALSE
TC442,TC007_POI_RC_CREATE_CUSTOM PROPERTY CERTIFICATE,US2836: End User Certificate Holder Page flow,Regression,Important,harish.mallikondla,Manual,,,,#848689,FALSE
TC443,TC008_POI_RC_CREATE_LIMITED PROPERTY CERTIFICATE,US2836: End User Certificate Holder Page flow,Regression,Important,harish.mallikondla,Manual,,,,#848689,FALSE
TC444,TC009_POI_RC_CREATE_OFFLINE PROPERTY CERTIFICATE,US2836: End User Certificate Holder Page flow,Regression,Important,harish.mallikondla,Manual,,,,#848689,FALSE
TC445,TC010_POI_RC_CREATE_CUSTOM SPECIALTY CERTIFICATE,US2836: End User Certificate Holder Page flow,Regression,Important,harish.mallikondla,Manual,,,,#848689,FALSE
TC446,TC011_POI_RC_CREATE_LIMITED SPECIALTY CERTIFICATE,US2836: End User Certificate Holder Page flow,Regression,Important,harish.mallikondla,Manual,,,,#848689,FALSE
TC447,TC012_POI_RC_CREATE_NON NEGOTIABLE TRANSIT CERTIFICATE (US),US2836: End User Certificate Holder Page flow,Regression,Important,harish.mallikondla,Manual,,,,#848689,FALSE
TC448,TC013_POI_RC_CREATE_LIMITED TRANSIT CERTIFICATE,US2836: End User Certificate Holder Page flow,Regression,Important,harish.mallikondla,Manual,,,,#848689,FALSE
TC449,TC014_POI_RC_CREATE_NON NEGOTIABLE TRANSIT CERTIFICATE (NON-US),US2836: End User Certificate Holder Page flow,Regression,Important,harish.mallikondla,Manual,,,,#848689,FALSE
TC450,TC046_POI_ADD MORE THAN ONE ATTACHMENT - NON NEGOTIABLE TRANSIT(NON-US),US3959: Support 2 Attachments,Functional,Important,harish.mallikondla,Manual,Fail,Stage,08/13/2018 08:22 AM EDT,#848689,FALSE
TC458,TC034_POI_REASSIGN_OFFLINE AVIATION,US2936: As an end user I should be able to reassign certificates,Functional,Important,harish.mallikondla,Manual,,,,#848689,FALSE
TC459,TC033_POI_REASSIGN_CUSTOM AVIATION,US2936: As an end user I should be able to reassign certificates,Functional,Important,harish.mallikondla,Manual,,,,#848689,FALSE
TC460,TC035_POI_REASSIGN_CUSTOM CASUALTY,US2936: As an end user I should be able to reassign certificates,Functional,Important,harish.mallikondla,Manual,,,,#848689,FALSE
TC461,TC036_POI_REASSIGN_CUSTOM EAR,US2936: As an end user I should be able to reassign certificates,Functional,Important,harish.mallikondla,Manual,,,,#848689,FALSE
TC462,TC037_POI_REASSIGN_CUSTOM PROPERTY,US2936: As an end user I should be able to reassign certificates,Functional,Important,harish.mallikondla,Manual,,,,#848689,FALSE
TC463,TC038_POI_REASSIGN_OFFLINE PROPERTY,US2936: As an end user I should be able to reassign certificates,Functional,Important,harish.mallikondla,Manual,,,,#848689,FALSE
TC464,TC039_POI_REASSIGN_CUSTOM SPECIALTY,US2936: As an end user I should be able to reassign certificates,Functional,Important,harish.mallikondla,Manual,,,,#848689,FALSE
TC465,TC040_POI_REASSIGN_NON NEGOTIABLE TRANSIT(US),US2936: As an end user I should be able to reassign certificates,Functional,Important,harish.mallikondla,Manual,,,,#848689,FALSE
TC466,TC041_POI_REASSIGN_NON NEGOTIABLE TRANSIT(NON-US),US2936: As an end user I should be able to reassign certificates,Functional,Important,harish.mallikondla,Manual,,,,#848689,FALSE
TC467,TC042_POI_NON NEGOTIABLE TRANSIT(NON-US)_ISSUE OFFLINE-UPLOAD LOCAL,US3962: Update certificate request buttons,Functional,Important,harish.mallikondla,Manual,,,,#848689,FALSE
TC468,TC043_POI_NON NEGOTIABLE TRANSIT(NON-US)_APPROVE-SYSTEM ISSUE),US3962: Update certificate request buttons,Functional,Important,harish.mallikondla,Manual,Pass,Stage,07/20/2018 09:19 AM EDT,#848689,FALSE
TC469,TC044_POI_NON NEGOTIABLE TRANSIT(NON-US)_ISSUE OFFLINE - UPLOAD LOCAL - REQUEST AMENDMENT,US3962: Update certificate request buttons,Functional,Important,harish.mallikondla,Manual,Blocked,Stage,07/20/2018 09:20 AM EDT,#848689,FALSE
TC470,TC045_POI_NON NEGOTIABLE TRANSIT(NON-US)_ISSUE OFFLINE - UPLOAD LOCAL - RENEW,US3962: Update certificate request buttons,Functional,Important,harish.mallikondla,Manual,,,,#848689,FALSE
TC471,TC016_CLAIMS_WC CLAIM_POLICY MATRIX - USA,US3966: Resolve the broken link,Functional,Important,harish.mallikondla,Manual,Pass,Stage,07/19/2018 09:35 AM EDT,#848689,FALSE
TC472,TC047_POI_REMOVE BROKER CONTACT INFO - CUSTOM AVIATION_DENY,US3964: Remove Broker contact information in email,Functional,Important,harish.mallikondla,Manual,Pass,Stage,08/13/2018 06:47 AM EDT,#848689,FALSE
TC473,TC048_POI_REMOVE BROKER CONTACT INFO - OFFLINE AVIATION_DENY,US3964: Remove Broker contact information in email,Functional,Important,harish.mallikondla,Manual,,,,#848689,FALSE
TC1399,TC049_POI_REMOVE BROKER CONTACT INFO - CUSTOM CASUALTY_DENY,US3964: Remove Broker contact information in email,Functional,Important,harish.mallikondla,Manual,,,,#848689,FALSE
TC1400,TC050_POI_REMOVE BROKER CONTACT INFO - CUSTOM EAR_DENY,US3964: Remove Broker contact information in email,Functional,Important,harish.mallikondla,Manual,,,,#848689,FALSE
TC1442,TC051_POI_REMOVE BROKER CONTACT INFO - CUSTOM PROPERTY_DENY,US3964: Remove Broker contact information in email,Functional,Important,harish.mallikondla,Manual,Pass,Stage,08/13/2018 06:54 AM EDT,#848689,FALSE
TC1444,TC052_POI_REMOVE BROKER CONTACT INFO - OFFLINE PROPERTY_DENY,US3964: Remove Broker contact information in email,Functional,Important,harish.mallikondla,Manual,Fail,Stage,07/19/2018 09:37 AM EDT,#848689,FALSE
TC1445,TC053_POI_REMOVE BROKER CONTACT INFO - CUSTOM SPECIALTY_DENY,US3964: Remove Broker contact information in email,Functional,Important,harish.mallikondla,Manual,Pass,Stage,08/13/2018 06:55 AM EDT,#848689,FALSE
TC1446,TC054_POI_REMOVE BROKER CONTACT INFO - NON NEGOTIABLE TRANSIT_DENY,US3964: Remove Broker contact information in email,Functional,Important,harish.mallikondla,Manual,Pass,Stage,08/13/2018 06:57 AM EDT,#848689,FALSE
TC1884,TC001_HR_CONTRACT GUIDANCE - DENMARK,US4553: Add Denmark to Contract Guidance tool dropdown,Functional,Important,harish.mallikondla,Manual,Pass,Stage,07/30/2018 06:17 AM EDT,#848689,FALSE
TC1992,TC001_INTEGRATIONS_REPORT ACQUISITION,US4636: IP Regression Test Suite - 2017,Functional,,harish.mallikondla,Manual,,,,#848689,FALSE
TC1993,TC002_INTEGRATIONS_APPROVED ACQUISITION,US4636: IP Regression Test Suite - 2017,Functional,,harish.mallikondla,Manual,,,,#848689,FALSE
TC1994,TC003_INTEGRATIONS_INTEGRATING ACQUISITION,US4636: IP Regression Test Suite - 2017,Functional,,harish.mallikondla,Manual,,,,#848689,FALSE
TC1995,TC004_INTEGRATIONS_REVIEWING_CLOSING ACQUISITION,US4636: IP Regression Test Suite - 2017,Functional,,harish.mallikondla,Manual,,,,#848689,FALSE
TC1996,TC005_POI_VERIFY CUSTOM AVIATION APPROVE FUNCTIONALITY,US4636: IP Regression Test Suite - 2017,Functional,,harish.mallikondla,Manual,Pass,Stage,10/10/2018 12:00 AM EDT,#848689,FALSE
TC1997,TC006_POI_VERIFY CUSTOM AVIATION DENY FUNCTIONALITY,US4636: IP Regression Test Suite - 2017,Functional,,harish.mallikondla,Manual,Pass,IP Stage_0409,04/09/2019 12:00 AM EDT,#848689,FALSE
TC1998,TC007_POI_VERIFY LIMITED AVIATION ISSUE FUNCTIONALITY,US4636: IP Regression Test Suite - 2017,Functional,,harish.mallikondla,Manual,Pass,Stage,10/10/2018 12:00 AM EDT,#848689,FALSE
TC1999,TC008_POI_VERIFY EMAIL OFFLINE AVIATION ISSUE FUNCTIONALITY,US4636: IP Regression Test Suite - 2017,Functional,,harish.mallikondla,Manual,Pass,Stage,10/10/2018 12:00 AM EDT,#848689,FALSE
TC2000,TC009_POI_VERIFY OFFLINE AVIATION DENY FUNCTIONALITY,US4636: IP Regression Test Suite - 2017,Functional,,harish.mallikondla,Manual,Pass,IP Stage_0409,04/09/2019 12:00 AM EDT,#848689,FALSE
TC2001,TC010_POI_VERIFY EMAIL CUSTOM CASUALTY ISSUE FUNCTIONALITY,US4636: IP Regression Test Suite - 2017,Functional,,harish.mallikondla,Manual,Pass,Stage,10/10/2018 12:00 AM EDT,#848689,FALSE
TC2002,TC011_POI_VERIFY CUSTOM CASUALTY DENY FUNCTIONALITY,US4636: IP Regression Test Suite - 2017,Functional,,harish.mallikondla,Manual,Pass,IP Stage_0409,04/09/2019 12:00 AM EDT,#848689,FALSE
TC2003,TC012_POI_VERIFY CUSTOM EAR ISSUE FUNCTIONALITY,US4636: IP Regression Test Suite - 2017,Functional,,harish.mallikondla,Manual,Pass,Stage,10/10/2018 12:00 AM EDT,#848689,FALSE
TC2004,TC013_POI_VERIFY EMAIL CUSTOM EAR DENY FUNCTIONALITY,US4636: IP Regression Test Suite - 2017,Functional,,harish.mallikondla,Manual,Pass,IP Stage_0409,04/22/2019 09:49 AM EDT,#848689,FALSE
TC2005,TC014_POI_VERIFY MOTOR TRUCK CARGO LEGAL ISSUE FUNCTIONALITY,US4636: IP Regression Test Suite - 2017,Functional,,harish.mallikondla,Manual,Pass,Stage,10/10/2018 12:00 AM EDT,#848689,FALSE
TC2006,TC015_POI_VERIFY EMAIL CUSTOM PROPERTY ISSUE FUNCTIONALITY,US4636: IP Regression Test Suite - 2017,Functional,,harish.mallikondla,Manual,Pass,Stage,10/10/2018 12:00 AM EDT,#848689,FALSE
TC2007,TC016_POI_VERIFY CUSTOM PROPERTY DENY FUNCTIONALITY,US4636: IP Regression Test Suite - 2017,Functional,,harish.mallikondla,Manual,Pass,IP Stage_0409,04/09/2019 12:00 AM EDT,#848689,FALSE
TC2008,TC017_POI_VERIFY LIMITED PROPERTY ISSUE FUNCTIONALITY,US4636: IP Regression Test Suite - 2017,Functional,,harish.mallikondla,Manual,Pass,Stage,10/10/2018 12:00 AM EDT,#848689,FALSE
TC2009,TC018_POI_VERIFY OFFLINE PROPERTY ISSUE FUNCTIONALITY,US4636: IP Regression Test Suite - 2017,Functional,,harish.mallikondla,Manual,Pass,Stage,10/11/2018 06:28 AM EDT,#848689,FALSE
TC2010,TC019_POI_VERIFY OFFLINE PROPERTY DENY FUNCTIONALITY,US4636: IP Regression Test Suite - 2017,Functional,,harish.mallikondla,Manual,Pass,IP Stage_0409,04/09/2019 12:00 AM EDT,#848689,FALSE
TC2011,TC020_POI_VERIFY CUSTOM SPECIALTY APPROVE FUNCTIONALITY,US4636: IP Regression Test Suite - 2017,Functional,,harish.mallikondla,Manual,Pass,Stage,10/10/2018 12:00 AM EDT,#848689,FALSE
TC2012,TC021_POI_VERIFY CUSTOM SPECIALTY DENY FUNCTIONALITY,US4636: IP Regression Test Suite - 2017,Functional,,harish.mallikondla,Manual,Pass,IP Stage_0409,04/09/2019 12:00 AM EDT,#848689,FALSE
TC2013,TC022_POI_VERIFY LIMITED SPECIALTY ISSUE FUNCTIONALITY,US4636: IP Regression Test Suite - 2017,Functional,,harish.mallikondla,Manual,Pass,Stage,10/10/2018 12:00 AM EDT,#848689,FALSE
TC2014,TC023_POI_VERIFY NON NEGOTIABLE TRANSIT(US) ISSUE(UPLOAD LOCAL) FUNCTIONALITY,US4636: IP Regression Test Suite - 2017,Functional,,harish.mallikondla,Manual,Pass,Stage,10/10/2018 12:00 AM EDT,#848689,FALSE
TC2015,TC024_POI_VERIFY NON NEGOTIABLE TRANSIT(US) DENY FUNCTIONALITY,US4636: IP Regression Test Suite - 2017,Functional,,harish.mallikondla,Manual,Pass,IP Stage,04/09/2019 12:00 AM EDT,#848689,FALSE
TC2016,TC025_POI_VERIFY LIMITED TRANSIT ISSUE FUNCTIONALITY,US4636: IP Regression Test Suite - 2017,Functional,,harish.mallikondla,Manual,Pass,Stage,10/10/2018 12:00 AM EDT,#848689,FALSE
TC2017,TC026_POI_VERIFY NON NEGOTIABLE TRANSIT ISSUE(SYSTEM ISSUE) FUNCTIONALITY,US4636: IP Regression Test Suite - 2017,Functional,,harish.mallikondla,Manual,Pass,IP_Stage,10/05/2018 11:10 AM EDT,#848689,FALSE
TC2018,TC027_POI_VERIFY NON NEGOTIABLE TRANSIT(NON-US) DENY FUNCTIONALITY,US4636: IP Regression Test Suite - 2017,Functional,,harish.mallikondla,Manual,Pass,IP Stage_0409,04/09/2019 12:00 AM EDT,#848689,FALSE
TC2019,TC001_CLAIMS_PT_PROPERTY,US4636: IP Regression Test Suite - 2017,Functional,,harish.mallikondla,Manual,,,,#848689,FALSE
TC2020,TC002_CLAIMS_PT_EAR,US4636: IP Regression Test Suite - 2017,Functional,,harish.mallikondla,Manual,,,,#848689,FALSE
TC2021,TC003_CLAIMS_PT_TRANSIT,US4636: IP Regression Test Suite - 2017,Functional,,harish.mallikondla,Manual,,,,#848689,FALSE
TC2022,TC004_CLAIMS_PCTPL_PUBLIC LIABILITY US CANADA PUERTO RICO,US4636: IP Regression Test Suite - 2017,Functional,,harish.mallikondla,Manual,,,,#848689,FALSE
TC2023,TC005_CLAIMS_PCTPL_PUBLIC LIABILITY ALL OTHER COUNTRIES,US4636: IP Regression Test Suite - 2017,Functional,,harish.mallikondla,Manual,,,,#848689,FALSE
TC2024,TC006_CLAIMS_WCEL_US CANADA PUERTO RICO,US4636: IP Regression Test Suite - 2017,Functional,,harish.mallikondla,Manual,,,,#848689,FALSE
TC2025,TC007_CLAIMS_WCEL_ALL OTHER COUNTRIES,US4636: IP Regression Test Suite - 2017,Functional,,harish.mallikondla,Manual,,,,#848689,FALSE
TC2026,TC008_CLAIMS_AL_US CANADA PUERTO RICO,US4636: IP Regression Test Suite - 2017,Functional,,harish.mallikondla,Manual,,,,#848689,FALSE
TC2027,TC009_CLAIMS_AL_ALL OTHER COUNTRIES,US4636: IP Regression Test Suite - 2017,Functional,,harish.mallikondla,Manual,,,,#848689,FALSE
TC2028,TC010_CLAIMS_CTL_US CANADA PUERTO RICO,US4636: IP Regression Test Suite - 2017,Functional,,harish.mallikondla,Manual,,,,#848689,FALSE
TC2029,TC011_CLAIMS_CTL_ALL OTHER COUNTRIES,US4636: IP Regression Test Suite - 2017,Functional,,harish.mallikondla,Manual,,,,#848689,FALSE
TC2030,TC012_CLAIMS_ENVIRONMENTAL_US CANADA PUERTO RICO,US4636: IP Regression Test Suite - 2017,Functional,,harish.mallikondla,Manual,,,,#848689,FALSE
TC2031,TC013_CLAIMS_ENVIRONMENTAL_ALL OTHER COUNTRIES,US4636: IP Regression Test Suite - 2017,Functional,,harish.mallikondla,Manual,,,,#848689,FALSE
TC2032,TC014_CLAIMS_AVIATION,US4636: IP Regression Test Suite - 2017,Functional,,harish.mallikondla,Manual,,,,#848689,FALSE
TC2033,TC015_CLAIMS_NUCLEAR,US4636: IP Regression Test Suite - 2017,Functional,,harish.mallikondla,Manual,,,,#848689,FALSE
TC2790,TC002_HR_CONTRACT GUIDANCE - ISRAEL,US4553: Add Denmark to Contract Guidance tool dropdown,Functional,Important,harish.mallikondla,Manual,Pass,Stage,08/13/2018 06:59 AM EDT,#848689,FALSE
TC3280,TC001_ADMINISTRATION_POLICY RENEWAL_LIMITED SPECIALTY_DP,US4737: When Speciality Liability (Crime…etc) then 'Limited' is selected we expect to see the current Insurer Company and current policy number to be displayed,Functional,Important,harish.mallikondla,Manual,Pass,Stage,08/13/2018 06:58 AM EDT,#848689,FALSE
TC3287,TC055_POI_SEND BACK - CUSTOM AVIATION,,Functional,Important,harish.mallikondla,Manual,Fail,IP Stage_0409,04/09/2019 12:00 AM EDT,#848689,FALSE
TC3288,TC056_POI_SEND BACK - OFFLINE AVIATION,,Functional,Important,harish.mallikondla,Manual,Fail,IP Stage_0409,04/09/2019 12:00 AM EDT,#848689,FALSE
TC3289,TC057_POI_SEND BACK - CUSTOM CASUALTY,,Functional,Important,harish.mallikondla,Manual,Fail,IP Stage_0409,04/09/2019 12:00 AM EDT,#848689,FALSE
TC3290,TC058_POI_SEND BACK - CUSTOM EAR,,Functional,Important,harish.mallikondla,Manual,Fail,IP Stage_0409,04/09/2019 12:00 AM EDT,#848689,FALSE
TC3291,TC059_POI_SEND BACK - CUSTOM PROPERTY,,Functional,Important,harish.mallikondla,Manual,Fail,IP Stage_0419,04/22/2019 09:35 AM EDT,#848689,FALSE
TC3292,TC055_POI_SEND BACK - OFFLINE PROPERTY,,Functional,Important,harish.mallikondla,Manual,Fail,IP Stage_0409,04/09/2019 12:00 AM EDT,#848689,FALSE
TC3293,TC056_POI_SEND BACK - CUSTOM SPECIALTY,,Functional,Important,harish.mallikondla,Manual,Fail,IP Stage_0409,04/09/2019 12:00 AM EDT,#848689,FALSE
TC3294,TC057_POI_SEND BACK - NON NEGOTIABLE TRANSIT,,Functional,Important,harish.mallikondla,Manual,Fail,IP Stage_0409,04/09/2019 12:00 AM EDT,#848689,FALSE
TC3295,TC060_POI_PORTAL NOTIFICATIONS_CUSTOM AVIATION_SUBMITTED,US3960: Notifications by Roles and Time the Request is in Queue,Functional,Important,harish.mallikondla,Manual,Fail,IP Stage,01/29/2019 12:00 AM EST,#848689,FALSE
TC3296,TC061_POI_PORTAL NOTIFICATIONS_OFFLINE AVIATION_SUBMITTED,US3960: Notifications by Roles and Time the Request is in Queue,Functional,Important,harish.mallikondla,Manual,Fail,IP Stage,01/29/2019 12:00 AM EST,#848689,FALSE
TC3297,TC062_POI_PORTAL NOTIFICATIONS_CUSTOM CASUALTY_SUBMITTED,US3960: Notifications by Roles and Time the Request is in Queue,Functional,Important,harish.mallikondla,Manual,Fail,IP Stage,02/11/2019 12:00 AM EST,#848689,FALSE
TC3298,TC063_POI_PORTAL NOTIFICATIONS_CUSTOM EAR_SUBMITTED,US3960: Notifications by Roles and Time the Request is in Queue,Functional,Important,harish.mallikondla,Manual,Fail,IP Stage,01/29/2019 12:00 AM EST,#848689,FALSE
TC3299,TC065_POI_PORTAL NOTIFICATIONS_OFFLINE PROPERTY_SUBMITTED,US3960: Notifications by Roles and Time the Request is in Queue,Functional,Important,harish.mallikondla,Manual,Fail,IP Stage,01/29/2019 12:00 AM EST,#848689,FALSE
TC3357,TC001_IP_HOME PAGE_VALIDATIONS,US2836: End User Certificate Holder Page flow,Regression,Important,harish.mallikondla,Manual,,,,#848689,FALSE
TC4276,TC064_POI_PORTAL NOTIFICATIONS_CUSTOM PROPERTY_SUBMITTED,US3960: Notifications by Roles and Time the Request is in Queue,Functional,Important,harish.mallikondla,Manual,Fail,IP Stage,01/29/2019 12:00 AM EST,#848689,FALSE
TC4278,TC066_POI_PORTAL NOTIFICATIONS_CUSTOM SPECIALTY_SUBMITTED,US3960: Notifications by Roles and Time the Request is in Queue,Functional,Important,harish.mallikondla,Manual,Fail,IP Stage,01/29/2019 12:00 AM EST,#848689,FALSE
TC4279,TC067_POI_PORTAL NOTIFICATIONS_NON NEGOTIABLE TRANSIT_SUBMITTED,US3960: Notifications by Roles and Time the Request is in Queue,Functional,Important,harish.mallikondla,Manual,,,,#848689,FALSE
TC4596,TC068_POI_PORTAL NOTIFICATIONS_CUSTOM AVIATION_ACKNOWLEDGED,US3960: Notifications by Roles and Time the Request is in Queue,Functional,Important,harish.mallikondla,Manual,,,,#848689,FALSE
TC4620,TC069_POI_PORTAL NOTIFICATIONS_OFFLINE AVIATION_ACKNOWLEDGED,US3960: Notifications by Roles and Time the Request is in Queue,Functional,Important,harish.mallikondla,Manual,,,,#848689,FALSE
TC4621,TC070_POI_PORTAL NOTIFICATIONS_CUSTOM CASUALTY_ACKNOWLEDGED,US3960: Notifications by Roles and Time the Request is in Queue,Functional,Important,harish.mallikondla,Manual,,,,#848689,FALSE
TC4675,TC071_POI_PORTAL NOTIFICATIONS_CUSTOM EAR_ACKNOWLEDGED,US3960: Notifications by Roles and Time the Request is in Queue,Functional,Important,harish.mallikondla,Manual,,,,#848689,FALSE
TC4676,TC072_POI_PORTAL NOTIFICATIONS_CUSTOM PROPERTY_ACKNOWLEDGED,US3960: Notifications by Roles and Time the Request is in Queue,Functional,Important,harish.mallikondla,Manual,,,,#848689,FALSE
TC4677,TC073_POI_PORTAL NOTIFICATIONS_OFFLINE PROPERTY_ACKNOWLEDGED,US3960: Notifications by Roles and Time the Request is in Queue,Functional,Important,harish.mallikondla,Manual,,,,#848689,FALSE
TC4678,TC074_POI_PORTAL NOTIFICATIONS_CUSTOM SPECIALTY_ACKNOWLEDGED,US3960: Notifications by Roles and Time the Request is in Queue,Functional,Important,harish.mallikondla,Manual,,,,#848689,FALSE
TC4680,TC075_POI_PORTAL NOTIFICATIONS_NON NEGOTIABLE TRANSIT_ACKNOWLEDGED,US3960: Notifications by Roles and Time the Request is in Queue,Functional,Important,harish.mallikondla,Manual,,,,#848689,FALSE
TC4715,TC001_ADMINISTRATION_ACCOUNT ADMIN_SSO - USER DETAILS NOT WORKING,US5874: Stacey Regan cannot login to Prod,Functional,Important,harish.mallikondla,Manual,Pass,Prod,09/27/2018 05:15 AM EDT,#848689,FALSE
TC5740,TC001_HOME PAGE_SSO REGISTRATION_SIGN UP NOW,US6038: Access approval notifications to Sponsor for external users,Functional,Important,harish.mallikondla,Manual,Pass,Stage,10/12/2018 12:00 AM EDT,#848689,FALSE
TC5762,TC002_HOME PAGE_SSO REGISTRATION_EXISTING USER ID,US6038: Access approval notifications to Sponsor for external users,Functional,Important,harish.mallikondla,Manual,Pass,Stage,10/12/2018 12:00 AM EDT,#848689,FALSE
TC5988,TC001_POLICIES_PROPERTY_PROPERTY ALL RISK,,Functional,,harish.mallikondla,Manual,,,,#848689,FALSE
TC5989,TC002_POLICIES_PROPERTY_TRANSIT ALL RISK,,Functional,,harish.mallikondla,Manual,,,,#848689,FALSE
TC5990,TC003_POLICIES_PROPERTY_ERECTION ALL RISK,,Functional,,harish.mallikondla,Manual,,,,#848689,FALSE
TC5991,TC004_POLICIES_CASUALTY_ENVIRONMENTAL,,Functional,,harish.mallikondla,Manual,,,,#848689,FALSE
TC5992,TC005_POLICIES_CASUALTY_WCEL,,Functional,,harish.mallikondla,Manual,,,,#848689,FALSE
TC5993,TC006_POLICIES_CASUALTY_DBA,,Functional,,harish.mallikondla,Manual,,,,#848689,FALSE
TC5994,TC007_POLICIES_CASUALTY_AL,,Functional,,harish.mallikondla,Manual,,,,#848689,FALSE
TC5999,TC008_POLICIES_CASUALTY_GPPPL,,Functional,,harish.mallikondla,Manual,,,,#848689,FALSE
TC6000,TC009_POLICIES_CASUALTY_CTL,,Functional,,harish.mallikondla,Manual,,,,#848689,FALSE
TC6001,TC010_POLICIES_SPECIALTY_BHDOI,,Functional,,harish.mallikondla,Manual,,,,#848689,FALSE
TC6002,TC011_POLICIES_SPECIALTY_EPL,,Functional,,harish.mallikondla,Manual,,,,#848689,FALSE
TC6003,TC012_POLICIES_SPECIALTY_FL,,Functional,,harish.mallikondla,Manual,,,,#848689,FALSE
TC6004,TC013_POLICIES_SPECIALTY_DPIS,,Functional,,harish.mallikondla,Manual,,,,#848689,FALSE
TC6005,TC014_POLICIES_SPECIALTY_GEDP,,Functional,,harish.mallikondla,Manual,,,,#848689,FALSE
TC6006,TC015_POLICIES_SPECIALTY_FIEC,,Functional,,harish.mallikondla,Manual,,,,#848689,FALSE
TC6007,TC016_POLICIES_AVIATION_AL,,Functional,,harish.mallikondla,Manual,,,,#848689,FALSE
TC6008,TC017_POLICIES_AVIATION_AEWL,,Functional,,harish.mallikondla,Manual,,,,#848689,FALSE
TC6009,TC018_POLICIES_AVIATION_DCG,,Functional,,harish.mallikondla,Manual,,,,#848689,FALSE
TC6010,TC019_POLICIES_OP_PR,,Functional,,harish.mallikondla,Manual,,,,#848689,FALSE
TC6011,TC020_POLICIES_OP_OTHER,,Functional,,harish.mallikondla,Manual,,,,#848689,FALSE
TC6012,TC021_POLICIES_OP_SURETY BONDS,,Functional,,harish.mallikondla,Manual,,,,#848689,FALSE
TC6013,TC022_POLICIES_OP_NL,,Functional,,harish.mallikondla,Manual,,,,#848689,FALSE
TC6014,TC023_POLICIES_OP_OCPL,,Functional,,harish.mallikondla,Manual,,,,#848689,FALSE
TC6015,TC024_POLICIES_OP_RPL,,Functional,,harish.mallikondla,Manual,,,,#848689,FALSE
TC6016,TC025_POLICIES_OP_BTA,,Functional,,harish.mallikondla,Manual,,,,#848689,FALSE
TC6456,TC001_IP_POLICIES MENU_VALIDATIONS,,Regression,Important,harish.mallikondla,Manual,,,,#848689,FALSE
TC6457,TC003_IP_HOME PAGE_POI MENU_VALIDATIONS,,Regression,Important,harish.mallikondla,Manual,,,,#848689,FALSE
TC6458,TC004_IP_HOME PAGE_CLAIMS_MENU_VALIDATIONS,,Regression,Important,harish.mallikondla,Manual,,,,#848689,FALSE
TC6461,TC005_IP_HOME PAGE_INTEGRATIONS MENU_VALIDATIONS,,Regression,Important,harish.mallikondla,Manual,,,,#848689,FALSE
TC6462,TC006_IP_HOME PAGE_HR MENU_VALIDATIONS,,Regression,Important,harish.mallikondla,Manual,,,,#848689,FALSE
TC6463,TC007_IP_HOME PAGE_ADMINISTRATION MENU_VALIDATIONS,,Regression,Important,harish.mallikondla,Manual,,,,#848689,FALSE
TC6475,TC076_POI_GUIDELINES,,Functional,,harish.mallikondla,Manual,Pass,IP Prod - 03142019,03/05/2019 12:00 AM EDT,#848689,FALSE
TC6528,TC077_POI_GUIDELINES_PDF,,Functional,,harish.mallikondla,Manual,Pass,IP Prod - 03142019,03/05/2019 12:00 AM EDT,#848689,FALSE
TC6568,TC079_POI_SEARCH OR RENEW CERTIFICATE_CERTIFICATE NO:,,Functional,,harish.mallikondla,Manual,Pass,IP Prod - 03142019,03/05/2019 12:00 AM EDT,#848689,FALSE
TC6617,TC078_POI_GUIDELINES_EIC,,Functional,,harish.mallikondla,Manual,Pass,IP Prod - 03142019,03/05/2019 12:00 AM EDT,#848689,FALSE
TC6618,TC080_POI_SEARCH OR RENEW CERTIFICATE_WITH OUT ANY INPUTS,,Functional,,harish.mallikondla,Manual,Pass,IP Prod - 03142019,03/05/2019 12:00 AM EDT,#848689,FALSE
TC6623,TC081_POI_SEARCH OR RENEW CERTIFICATE_FROM-TO DATE,,Functional,,harish.mallikondla,Manual,Pass,IP Prod - 03142019,03/05/2019 12:00 AM EDT,#848689,FALSE
TC6624,TC082_POI_SEARCH OR RENEW CERTIFICATE_COVERAGE LIMIT VALUE,,Functional,,harish.mallikondla,Manual,Pass,IP Prod - 03142019,03/05/2019 12:00 AM EDT,#848689,FALSE
TC6625,TC083_POI_SEARCH OR RENEW CERTIFICATE_LINE OF COVERAGE,,Functional,,harish.mallikondla,Manual,Pass,IP Prod - 03142019,03/05/2019 12:00 AM EDT,#848689,FALSE
TC6626,TC084_POI_SEARCH OR RENEW CERTIFICATE_COUNTRY,,Functional,,harish.mallikondla,Manual,Pass,IP Prod - 03142019,03/07/2019 12:00 AM EDT,#848689,FALSE
TC6627,TC085_POI_SEARCH OR RENEW CERTIFICATE_BUSINESS UNIT,,Functional,,harish.mallikondla,Manual,Pass,IP Prod - 03142019,03/07/2019 12:00 AM EDT,#848689,FALSE
TC6628,TC086_POI_SEARCH OR RENEW CERTIFICATE_CERTIFICATE HOLDER,,Functional,,harish.mallikondla,Manual,Pass,IP Prod - 03142019,03/07/2019 12:00 AM EDT,#848689,FALSE
TC6629,TC087_POI_SEARCH OR RENEW CERTIFICATE_CONTRACT NUMBER,,Functional,,harish.mallikondla,Manual,Pass,IP Prod - 03142019,03/07/2019 12:00 AM EDT,#848689,FALSE
TC6630,TC088_POI_SEARCH OR RENEW CERTIFICATE_REQUESTER NAME,,Functional,,harish.mallikondla,Manual,Pass,IP Prod - 03142019,03/07/2019 12:00 AM EDT,#848689,FALSE
TC6654,TC017_CLAIMS_VIEW CLAIMS_CLAIM ID,,Functional,,harish.mallikondla,Manual,Pass,IP Prod - 03142019,03/07/2019 12:00 AM EDT,#848689,FALSE
TC6655,TC018_CLAIMS_VIEW CLAIMS_REQUESTER NAME,,Functional,,harish.mallikondla,Manual,Pass,IP Prod - 03142019,03/07/2019 12:00 AM EDT,#848689,FALSE
TC6657,TC019_CLAIMS_VIEW CLAIMS_CLAIM TYPE,,Functional,,harish.mallikondla,Manual,Pass,IP Prod - 03142019,03/07/2019 12:00 AM EDT,#848689,FALSE
TC6658,TC020_CLAIMS_VIEW CLAIMS_REPORTED DATE,,Functional,,harish.mallikondla,Manual,Pass,IP Prod - 03142019,03/09/2019 12:00 AM EDT,#848689,FALSE
TC6659,TC021_CLAIMS_VIEW CLAIMS_COUNTRY,,Functional,,harish.mallikondla,Manual,Pass,IP Prod - 03142019,03/09/2019 12:00 AM EDT,#848689,FALSE
TC6661,TC022_CLAIMS_VIEW DRAFTS_CLAIM ID,,Functional,,harish.mallikondla,Manual,Pass,IP Prod - 03142019,03/09/2019 12:00 AM EDT,#848689,FALSE
TC6662,TC026_CLAIMS_VIEW DRAFTS_COUNTRY,,Functional,,harish.mallikondla,Manual,Pass,IP Prod - 03142019,03/09/2019 12:00 AM EDT,#848689,FALSE
TC6663,TC025_CLAIMS_VIEW DRAFTS_REPORTED DATE,,Functional,,harish.mallikondla,Manual,Pass,IP Prod - 03142019,03/09/2019 12:00 AM EDT,#848689,FALSE
TC6664,TC024_CLAIMS_VIEW DRAFTS_CLAIM TYPE,,Functional,,harish.mallikondla,Manual,Pass,IP Prod - 03142019,03/09/2019 12:00 AM EDT,#848689,FALSE
TC6665,TC023_CLAIMS_VIEW DRAFTS_REQUESTER NAME,,Functional,,harish.mallikondla,Manual,Pass,IP Prod - 03142019,03/09/2019 12:00 AM EDT,#848689,FALSE
TC6675,TC003_HR_CERTIFICATE INSTRUCTIONS,,Functional,,harish.mallikondla,Manual,Pass,IP Prod - 03142019,03/09/2019 12:00 AM EDT,#848689,FALSE
TC6676,TC004_HR_CERTIFICATE INSTRUCTIONS_PDF,,Functional,,harish.mallikondla,Manual,Pass,IP Prod - 03142019,03/13/2019 12:00 AM EDT,#848689,FALSE
TC6677,TC005_HR_SPOTLIGHT NEWS,,Functional,,harish.mallikondla,Manual,Pass,IP Prod - 03142019,03/13/2019 12:00 AM EDT,#848689,FALSE
TC6678,TC006_HR_HELP VIDEOS,,Functional,,harish.mallikondla,Manual,Pass,IP Prod - 03142019,03/13/2019 12:00 AM EDT,#848689,FALSE
TC6679,TC007_HR_RITP,,Functional,,harish.mallikondla,Manual,Pass,IP Prod - 03142019,03/13/2019 12:00 AM EDT,#848689,FALSE
TC6680,TC008_HR_ABOUT US,,Functional,,harish.mallikondla,Manual,Pass,IP Prod - 03142019,03/13/2019 12:00 AM EDT,#848689,FALSE
TC6681,TC009_HR_MSS,,Functional,,harish.mallikondla,Manual,Pass,IP Prod - 03142019,03/13/2019 12:00 AM EDT,#848689,FALSE
TC6682,TC010_HR_SITE MAP,,Functional,,harish.mallikondla,Manual,Pass,IP Prod - 03142019,03/13/2019 12:00 AM EDT,#848689,FALSE
TC6959,TC002_ADMINISTRATION_POLICY RENEWAL_CUSTOM SPECIALTY_DP,US4737: When Speciality Liability (Crime…etc) then 'Limited' is selected we expect to see the current Insurer Company and current policy number to be displayed,Functional,Important,harish.mallikondla,Manual,Pass,IP Prod - 03142019,03/13/2019 12:00 AM EDT,#848689,FALSE
TC6962,TC004_ADMINISTRATION_POLICY RENEWAL_LIMITED AVIATION,,Functional,Important,harish.mallikondla,Manual,Pass,IP Prod - 03142019,03/14/2019 12:00 AM EDT,#848689,FALSE
TC6964,TC003_ADMINISTRATION_POLICY RENEWAL_CUSTOM AVIATION,,Functional,Important,harish.mallikondla,Manual,Pass,IP Prod - 03142019,03/14/2019 12:00 AM EDT,#848689,FALSE
TC6965,TC005_ADMINISTRATION_POLICY RENEWAL_EAR,,Functional,Important,harish.mallikondla,Manual,Pass,IP Prod - 03142019,03/14/2019 12:00 AM EDT,#848689,FALSE
TC6966,TC006_ADMINISTRATION_POLICY RENEWAL_MTCLL,,Functional,Important,harish.mallikondla,Manual,Pass,IP Prod - 03142019,03/14/2019 12:00 AM EDT,#848689,FALSE
TC6967,TC007_ADMINISTRATION_POLICY RENEWAL_LIMITED PROPERTY,,Functional,Important,harish.mallikondla,Manual,Pass,IP Prod - 03142019,03/14/2019 12:00 AM EDT,#848689,FALSE
TC6968,TC009_ADMINISTRATION_POLICY RENEWAL_LIMITED TRANSIT,,Functional,Important,harish.mallikondla,Manual,Pass,IP Prod - 03142019,03/14/2019 12:00 AM EDT,#848689,FALSE
TC6969,TC008_ADMINISTRATION_POLICY RENEWAL_CUSTOM TRANSIT,,Functional,Important,harish.mallikondla,Manual,Pass,IP Prod - 03142019,03/14/2019 12:00 AM EDT,#848689,FALSE
TC7551,TC082_POI_VERIFY 2019 TRANSIT FORM_NON NEGOTIABLE TRANSIT CERTIFICATE (INDIA),US7013: Update the India Transit Risk document,Regression,Important,harish.mallikondla,Manual,Pass,IP Prod - 03142019,03/14/2019 12:00 AM EDT,#848689,FALSE
TC7552,TC083_POI_VERIFY 2019 TRANSIT FORM_NON NEGOTIABLE TRANSIT CERTIFICATE (INDIA) FUNCTIONALITY,US7013: Update the India Transit Risk document,Regression,Important,harish.mallikondla,Manual,Pass,IP Prod - 03142019,03/18/2019 12:00 AM EDT,#848689,FALSE
TC7566,TC089_POI_CREATE_CUSTOM AVIATION CERTIFICATE_NAMED INSURED-GE PRECISION HEALTHCARE LLC,US7089: Add GE Precision Healthcare LLC,Functional,Important,harish.mallikondla,Manual,Pass,IP Prod - 03142019,03/18/2019 12:00 AM EDT,#848689,FALSE
TC7571,TC090_POI_CREATE_OFFLINE AVIATION CERTIFICATE_NAMED INSURED-GE PRECISION HEALTHCARE LLC,US7089: Add GE Precision Healthcare LLC,Functional,Important,harish.mallikondla,Manual,Pass,IP Prod - 03142019,03/18/2019 12:00 AM EDT,#848689,FALSE
TC7572,TC091_POI_CREATE_CUSTOM CASUALTY CERTIFICATE_NAMED INSURED-GE PRECISION HEALTHCARE LLC,US7089: Add GE Precision Healthcare LLC,Functional,Important,harish.mallikondla,Manual,Pass,IP Prod - 03142019,03/18/2019 12:00 AM EDT,#848689,FALSE
TC7573,TC092_POI_CREATE_ERECTION ALL RISK CERTIFICATE_NAMED INSURED-GE PRECISION HEALTHCARE LLC,US7089: Add GE Precision Healthcare LLC,Functional,Important,harish.mallikondla,Manual,Pass,IP Prod - 03142019,03/18/2019 12:00 AM EDT,#848689,FALSE
TC7574,TC093_POI_CREATE_CUSTOM PROPERTY CERTIFICATE_NAMED INSURED-GE PRECISION HEALTHCARE LLC,US7089: Add GE Precision Healthcare LLC,Functional,Important,harish.mallikondla,Manual,Pass,IP Prod - 03142019,03/18/2019 12:00 AM EDT,#848689,FALSE
TC7575,TC094_POI_CREATE_OFFLINE PROPERTY CERTIFICATE_NAMED INSURED-GE PRECISION HEALTHCARE LLC,US7089: Add GE Precision Healthcare LLC,Functional,Important,harish.mallikondla,Manual,Pass,IP Prod - 03142019,03/18/2019 12:00 AM EDT,#848689,FALSE
TC7576,TC095_POI_CREATE_CUSTOM SPECIALTY CERTIFICATE_NAMED INSURED-GE PRECISION HEALTHCARE LLC,US7089: Add GE Precision Healthcare LLC,Functional,Important,harish.mallikondla,Manual,Pass,IP Prod - 03142019,03/18/2019 12:00 AM EDT,#848689,FALSE
TC7577,TC096_POI_CREATE_NON NEGOTIABLE TRANSIT CERTIFICATE (US)_NAMED INSURED-GE PRECISION HEALTHCARE LLC,US7089: Add GE Precision Healthcare LLC,Functional,Important,harish.mallikondla,Manual,Pass,IP Prod - 03142019,03/21/2019 12:00 AM EDT,#848689,FALSE
TC7578,TC097_POI_CREATE_NON NEGOTIABLE TRANSIT CERTIFICATE (INDIA),US7058: The India transit pop up should only display for India transit.,Functional,Important,harish.mallikondla,Manual,Pass,IP Prod - 03142019,03/21/2019 12:00 AM EDT,#848689,FALSE
TC7579,TC098_POI_CREATE_NON NEGOTIABLE TRANSIT CERTIFICATE (INDIA)_TRANSIT FORM 2019,US7058: The India transit pop up should only display for India transit.,Functional,Important,harish.mallikondla,Manual,Pass,IP Prod - 03142019,03/21/2019 12:00 AM EDT,#848689,FALSE
TC7580,TC099_POI_CREATE_NON NEGOTIABLE TRANSIT CERTIFICATE (US)_CUSTOM LETTER,US6349: GE Transit Customs Letters,Functional,Important,harish.mallikondla,Manual,Pass,IP Prod - 03142019,03/21/2019 12:00 AM EDT,#848689,FALSE
TC7954,TC100_POI_CUSTOM CASUALTY CERTIFICATE_MOI,,Functional,Important,harish.mallikondla,Manual,Pass,IP Prod - 03142019,03/21/2019 12:00 AM EDT,#848689,FALSE
TC8246,TC101_POI_REMOVE_GE TRANSPORTATION_NAMED INSURED_CUSTOM AVIATION CERTIFICATE,US7725: Remove GE Transportation and Exited Businesses from the Request Certificate Drop Down,Functional,Important,harish.mallikondla,Manual,Pass,IP Prod - 03142019,03/21/2019 12:00 AM EDT,#848689,FALSE
TC8248,TC102_POI_REMOVE_GE TRANSPORTATION_NAMED INSURED_OFFLINE AVIATION CERTIFICATE,US7725: Remove GE Transportation and Exited Businesses from the Request Certificate Drop Down,Functional,Important,harish.mallikondla,Manual,Pass,IP Prod - 0314,03/21/2019 12:00 AM EDT,#848689,FALSE
TC8250,TC103_POI_REMOVE_GE TRANSPORTATION_NAMED INSURED_CUSTOM CASUALTY CERTIFICATE,US7725: Remove GE Transportation and Exited Businesses from the Request Certificate Drop Down,Functional,Important,harish.mallikondla,Manual,Pass,IP Prod - 0314,03/21/2019 12:00 AM EDT,#848689,FALSE
TC8253,TC104_POI_REMOVE_GE TRANSPORTATION_NAMED INSURED_CUSTOM EAR CERTIFICATE,US7725: Remove GE Transportation and Exited Businesses from the Request Certificate Drop Down,Functional,Important,harish.mallikondla,Manual,Pass,IP Prod,03/25/2019 12:00 AM EDT,#848689,FALSE
TC8255,TC105_POI_REMOVE_GE TRANSPORTATION_NAMED INSURED_CUSTOM PROPERTY CERTIFICATE,US7725: Remove GE Transportation and Exited Businesses from the Request Certificate Drop Down,Functional,Important,harish.mallikondla,Manual,Pass,IP Prod,03/25/2019 12:00 AM EDT,#848689,FALSE
TC8257,TC106_POI_REMOVE_GE TRANSPORTATION_NAMED INSURED_OFFLINE PROPERTY CERTIFICATE,US7725: Remove GE Transportation and Exited Businesses from the Request Certificate Drop Down,Functional,Important,harish.mallikondla,Manual,Pass,IP Prod,03/25/2019 12:00 AM EDT,#848689,FALSE
TC8258,TC107_POI_REMOVE_GE TRANSPORTATION_NAMED INSURED_CUSTOM SPECIALTY CERTIFICATE,US7725: Remove GE Transportation and Exited Businesses from the Request Certificate Drop Down,Functional,Important,harish.mallikondla,Manual,Pass,IP Prod,03/25/2019 12:00 AM EDT,#848689,FALSE
TC8259,TC108_POI_REMOVE_GE TRANSPORTATION_NAMED INSURED_NON NEGOTIABLE TRANSIT CERTIFICATE,US7725: Remove GE Transportation and Exited Businesses from the Request Certificate Drop Down,Functional,Important,harish.mallikondla,Manual,Pass,IP Prod,03/25/2019 12:00 AM EDT,#848689,FALSE
TC8274,TC109_POI_REMOVE_EXITED BUSINESSES_NAMED INSURED_CUSTOM AVIATION CERTIFICATE,US7725: Remove GE Transportation and Exited Businesses from the Request Certificate Drop Down,Functional,Important,harish.mallikondla,Manual,Pass,IP Prod,03/25/2019 12:00 AM EDT,#848689,FALSE
TC8275,TC110_POI_REMOVE_EXITED BUSINESSES_NAMED INSURED_OFFLINE AVIATION CERTIFICATE,US7725: Remove GE Transportation and Exited Businesses from the Request Certificate Drop Down,Functional,Important,harish.mallikondla,Manual,Pass,IP Prod,03/25/2019 12:00 AM EDT,#848689,FALSE
TC8276,TC111_POI_REMOVE_EXITED BUSINESSES_NAMED INSURED_CUSTOM CASUALTY CERTIFICATE,US7725: Remove GE Transportation and Exited Businesses from the Request Certificate Drop Down,Functional,Important,harish.mallikondla,Manual,Pass,IP Prod,03/28/2019 05:03 AM EDT,#848689,FALSE
TC8277,TC112_POI_REMOVE_EXITED BUSINESSES_NAMED INSURED_CUSTOM EAR CERTIFICATE,US7725: Remove GE Transportation and Exited Businesses from the Request Certificate Drop Down,Functional,Important,harish.mallikondla,Manual,Pass,IP Prod,03/28/2019 05:03 AM EDT,#848689,FALSE
TC8278,TC113_POI_REMOVE_EXITED BUSINESSES_NAMED INSURED_CUSTOM PROPERTY CERTIFICATE,US7725: Remove GE Transportation and Exited Businesses from the Request Certificate Drop Down,Functional,Important,harish.mallikondla,Manual,Pass,IP Prod,03/28/2019 05:03 AM EDT,#848689,FALSE
TC8279,TC114_POI_REMOVE_EXITED BUSINESSES_NAMED INSURED_OFFLINE PROPERTY CERTIFICATE,US7725: Remove GE Transportation and Exited Businesses from the Request Certificate Drop Down,Functional,Important,harish.mallikondla,Manual,Pass,IP Prod,03/28/2019 05:03 AM EDT,#848689,FALSE
TC8280,TC115_POI_REMOVE_EXITED BUSINESSES_NAMED INSURED_CUSTOM SPECIALTY CERTIFICATE,US7725: Remove GE Transportation and Exited Businesses from the Request Certificate Drop Down,Functional,Important,harish.mallikondla,Manual,Pass,IP Prod,03/28/2019 05:03 AM EDT,#848689,FALSE
TC8281,TC116_POI_REMOVE_EXITED BUSINESSES_NAMED INSURED_NON NEGOTIABLE TRANSIT CERTIFICATE,US7725: Remove GE Transportation and Exited Businesses from the Request Certificate Drop Down,Functional,Important,harish.mallikondla,Manual,Pass,IP Prod,03/28/2019 05:03 AM EDT,#848689,FALSE
TC8283,TC117_POI_REMOVE_GE TRANSPORTATION_REQUESTERS BUSINESS UNIT_CUSTOM AVIATION CERTIFICATE,US7725: Remove GE Transportation and Exited Businesses from the Request Certificate Drop Down,Functional,Important,harish.mallikondla,Manual,Pass,IP Prod,04/02/2019 12:00 AM EDT,#848689,FALSE
TC8284,TC118_POI_REMOVE_GE TRANSPORTATION_REQUESTERS BUSINESS UNIT_OFFLINE AVIATION CERTIFICATE,US7725: Remove GE Transportation and Exited Businesses from the Request Certificate Drop Down,Functional,Important,harish.mallikondla,Manual,Pass,IP Prod,04/02/2019 12:00 AM EDT,#848689,FALSE
TC8285,TC119_POI_REMOVE_GE TRANSPORTATION_REQUESTERS BUSINESS UNIT_CUSTOM CASUALTY CERTIFICATE,US7725: Remove GE Transportation and Exited Businesses from the Request Certificate Drop Down,Functional,Important,harish.mallikondla,Manual,Pass,IP Prod,04/02/2019 12:00 AM EDT,#848689,FALSE
TC8286,TC120_POI_REMOVE_GE TRANSPORTATION_REQUESTERS BUSINESS UNIT_CUSTOM EAR CERTIFICATE,US7725: Remove GE Transportation and Exited Businesses from the Request Certificate Drop Down,Functional,Important,harish.mallikondla,Manual,Pass,IP Prod,04/02/2019 12:00 AM EDT,#848689,FALSE
TC8287,TC121_POI_REMOVE_GE TRANSPORTATION_REQUESTERS BUSINESS UNIT_CUSTOM PROPERTY CERTIFICATE,US7725: Remove GE Transportation and Exited Businesses from the Request Certificate Drop Down,Functional,Important,harish.mallikondla,Manual,Pass,IP Prod,04/02/2019 12:00 AM EDT,#848689,FALSE
TC8289,TC122_POI_REMOVE_GE TRANSPORTATION_REQUESTERS BUSINESS UNIT_OFFLINE PROPERTY CERTIFICATE,US7725: Remove GE Transportation and Exited Businesses from the Request Certificate Drop Down,Functional,Important,harish.mallikondla,Manual,Pass,IP Prod,04/02/2019 12:00 AM EDT,#848689,FALSE
TC8290,TC123_POI_REMOVE_GE TRANSPORTATION_REQUESTERS BUSINESS UNIT_CUSTOM SPECIALTY CERTIFICATE,US7725: Remove GE Transportation and Exited Businesses from the Request Certificate Drop Down,Functional,Important,harish.mallikondla,Manual,Pass,IP Prod,04/05/2019 12:00 AM EDT,#848689,FALSE
TC8291,TC124_POI_REMOVE_GE TRANSPORTATION_REQUESTERS BUSINESS UNIT_NON NEGOTIABLE TRANSIT CERTIFICATE,US7725: Remove GE Transportation and Exited Businesses from the Request Certificate Drop Down,Functional,Important,harish.mallikondla,Manual,Pass,IP Prod,04/05/2019 12:00 AM EDT,#848689,FALSE
TC8294,TC125_POI_REMOVE_EXITED BUSINESSES_REQUESTERS BUSINESS UNIT_CUSTOM AVIATION CERTIFICATE,US7725: Remove GE Transportation and Exited Businesses from the Request Certificate Drop Down,Functional,Important,harish.mallikondla,Manual,Pass,IP Prod,04/05/2019 12:00 AM EDT,#848689,FALSE
TC8295,TC126_POI_REMOVE_EXITED BUSINESSES_REQUESTERS BUSINESS UNIT_OFFLINE AVIATION CERTIFICATE,US7725: Remove GE Transportation and Exited Businesses from the Request Certificate Drop Down,Functional,Important,harish.mallikondla,Manual,Pass,IP Prod,04/05/2019 12:00 AM EDT,#848689,FALSE
TC8296,TC127_POI_REMOVE_EXITED BUSINESSES_REQUESTERS BUSINESS UNIT_CUSTOM CASUALTY CERTIFICATE,US7725: Remove GE Transportation and Exited Businesses from the Request Certificate Drop Down,Functional,Important,harish.mallikondla,Manual,Pass,IP Prod,04/05/2019 12:00 AM EDT,#848689,FALSE
TC8297,TC128_POI_REMOVE_EXITED BUSINESSES_REQUESTERS BUSINESS UNIT_CUSTOM EAR CERTIFICATE,US7725: Remove GE Transportation and Exited Businesses from the Request Certificate Drop Down,Functional,Important,harish.mallikondla,Manual,Pass,IP Prod,04/17/2019 12:00 AM EDT,#848689,FALSE
TC8298,TC129_POI_REMOVE_EXITED BUSINESSES_REQUESTERS BUSINESS UNIT_CUSTOM PROPERTY CERTIFICATE,US7725: Remove GE Transportation and Exited Businesses from the Request Certificate Drop Down,Functional,Important,harish.mallikondla,Manual,Pass,IP Prod,04/17/2019 12:00 AM EDT,#848689,FALSE
TC8299,TC130_POI_REMOVE_EXITED BUSINESSES_REQUESTERS BUSINESS UNIT_OFFLINE PROPERTY CERTIFICATE,US7725: Remove GE Transportation and Exited Businesses from the Request Certificate Drop Down,Functional,Important,harish.mallikondla,Manual,Pass,IP Prod,04/17/2019 12:00 AM EDT,#848689,FALSE
TC8300,TC131_POI_REMOVE_EXITED BUSINESSES_REQUESTERS BUSINESS UNIT_CUSTOM SPECIALTY CERTIFICATE,US7725: Remove GE Transportation and Exited Businesses from the Request Certificate Drop Down,Functional,Important,harish.mallikondla,Manual,Pass,IP Prod,04/17/2019 12:00 AM EDT,#848689,FALSE
TC8301,TC132_POI_REMOVE_EXITED BUSINESSES_REQUESTERS BUSINESS UNIT_NON NEGOTIABLE TRANSIT CERTIFICATE,US7725: Remove GE Transportation and Exited Businesses from the Request Certificate Drop Down,Functional,Important,harish.mallikondla,Manual,Pass,IP Prod,04/17/2019 12:00 AM EDT,#848689,FALSE
TC8305,TC133_POI_CREATE_NON NEGOTIABLE TRANSIT CERTIFICATE_CUSTOM LETTER_ARGENTINA(E),US7726: Updated Customs Letters,Functional,Important,harish.mallikondla,Manual,Pass,IP Prod - 03142019,04/17/2019 12:00 AM EDT,#848689,FALSE
TC8306,TC134_POI_CREATE_NON NEGOTIABLE TRANSIT CERTIFICATE_CUSTOM LETTER_ARGENTINA(S),US7726: Updated Customs Letters,Functional,Important,harish.mallikondla,Manual,Pass,IP Prod - 03142019,04/17/2019 12:00 AM EDT,#848689,FALSE
TC8307,TC135_POI_CREATE_NON NEGOTIABLE TRANSIT CERTIFICATE_CUSTOM LETTER_COLOMBIA,US7726: Updated Customs Letters,Functional,Important,harish.mallikondla,Manual,Pass,IP Prod - 03142019,04/17/2019 12:00 AM EDT,#848689,FALSE
TC8308,TC136_POI_CREATE_NON NEGOTIABLE TRANSIT CERTIFICATE_CUSTOM LETTER_NIGERIA,US7726: Updated Customs Letters,Functional,Important,harish.mallikondla,Manual,Pass,IP Prod - 03142019,04/17/2019 12:00 AM EDT,#848689,FALSE
