<Environment>
	<Variable>
		<Name>ENV_DEV_URL</Name>
		<Value><![CDATA[https://rsologin.qagen2.corporate.ge.com/RSORouterLogin/rsorouterlogin.do?site=corporate&TYPE=33554433&REALMOID=06-00065ab9-e927-143f-9678-14d2030e20ad&GUID=&SMAUTHREASON=0&METHOD=GET&SMAGENTNAME=$SM$PqbO5vjK1LhfqpliWANLDPXxcMJnISPonyBOMX86LUyB22n8FWs%2bw0FMA5JKAXNY&TARGET=$SM$HTTPS%3a%2f%2frsologin%2eqagen2%2ecorporate%2ege%2ecom%2fRSOZone%2frsozone%2edo%3finterimTARGET%3dhttps$%3A$%2F$%2Fsmloginmap%2eqagen2%2ecorporate%2ege%2ecom$%2Fsmzone$%2Fsessionmap%2ejsp$%3FOrigTARGET$%3Dhttp$%253A$%252F$%252Fdev%2epage%2ecorporate%2ege%2ecom$%253A8000$%252Fapplication$%252FView$%252FUI$%252Fhome$%252Findex%2ephp]]></Value>
	</Variable>
	<Variable>
		<Name>ENV_Password</Name>
		<Value><![CDATA[keerthi29d]]></Value>
	</Variable>
	<Variable>
		<Name>ENV_STAGE_URL</Name>
		<Value><![CDATA[https://rsologin.qagen2.corporate.ge.com/RSORouterLogin/rsorouterlogin.do?site=corporate&TYPE=33554433&REALMOID=06-00065ab9-e927-143f-9678-14d2030e20ad&GUID=&SMAUTHREASON=0&METHOD=GET&SMAGENTNAME=$SM$PqbO5vjK1LhfqpliWANLDPXxcMJnISPonyBOMX86LUyB22n8FWs%2bw0FMA5JKAXNY&TARGET=$SM$HTTPS%3a%2f%2frsologin%2eqagen2%2ecorporate%2ege%2ecom%2fRSOZone%2frsozone%2edo%3finterimTARGET%3dhttps$%3A$%2F$%2Fsmloginmap%2eqagen2%2ecorporate%2ege%2ecom$%2Fsmzone$%2Fsessionmap%2ejsp$%3FOrigTARGET$%3Dhttp$%253A$%252F$%252Fec-stage%2epage%2ecorporate%2ege%2ecom$%252F]]></Value>
	</Variable>
	<Variable>
		<Name>ENV_UserName</Name>
		<Value><![CDATA[502647196]]></Value>
	</Variable>
	<Variable>
		<Name>Result_Path</Name>
		<Value><![CDATA[C:\Users\Public\PAGE\Test Result\]]></Value>
	</Variable>
</Environment>
